name,Vnom,longitude,latitude
Substation 60 kV M'Fassis 1,60,-6.83854,32.76654
Substation 60 kV M'Fassis 2,60,-6.82767,32.76742
Substation 60 kV M'Fassis 3,60,-6.79391,32.77604
Substation Bni Smir 60 kV Oued Zem,60,-6.6422,32.86697
Substation UM6P 60 kV Sale,60,-6.70439,33.99326
Substation 60kV Tantan,60,-11.0721,28.43424
Substation Ahlaka 60/22 kV Agadir,60,-9.51524,30.41369
Substation 60 kV Kasba Tadla,60,-6.26833,32.572384
Substation 400kV de Melloussa,400,-5.65986,35.64892
Substation 60 kV de Tensift II,60,-8.17622,31.717916
Substation 225 kV de Tensift II,225,-8.17671,31.71933
Substation 60 KV de Toulal,60,-5.62276,33.876851
Substation 225 KV de Toulal,225,-5.6225,33.874713
Substation 60 KV de Chichaoua,60,-8.71776,31.563538
Substation 225 KV de Chichaoua,225,-8.71776,31.56354
Substation 400 KV de Chichaoua,400,-8.7187888,31.566129
Substation 60 Kv Guelmim,60,-10.0382,29.012411
Substation Ghanem 60 KV,60,-8.51088,33.102173
Substation Ghanem 225 KV,225,-8.51088,33.10217
Substation Source Aouama 60 KV,60,-5.80204,35.732945
Substation Source Aouama 225 KV,225,-5.80204,35.73295
Charaka,60,-5.91694,35.66837
Substation 60kV Laawamer,60,-7.75919,33.3538077
Substation 225 kV Laawamer,225,-7.75877,33.35161
Substation 225 kV de Dar Boauzza,225,-7.69673,33.55018
Substation 225 kV Shoul,225,-6.70955,33.919195
Substation 60 kV Shoul,60,-6.70955,33.9192
Substation 60 kV Zaer,60,-6.86262,33.862136
Substation 225 kV Zaer,225,-6.86141,33.861494
Substation 225/20 KV Riad,225,-6.88753,33.93349
Substation 400 kV Mediouna,400,-7.40123,33.45482
Substation 225kV Mediouna,225,-7.40123,33.454822
Substation 225 kv Sidi Othmane,225,-7.5265,33.5628
Substation 60 KV Khouribga II,60,-7.05101,32.89551
Substation 225 KV Khouribga II,225,-7.05101,32.895514
Substation 225 KV Chiker,60,-7.72593,32.6160694
Substation 60 KV Chiker,225,-7.72593,32.61607
Substation 225/60 kV de Sidi Bennour,225,-8.40059,32.65114
Sidi Benour 60,60,-8.40178,32.65121
Substation Sonasid,225,-8.60359,33.13346
Substation 225 kV de Oulad Haddou,225,-7.61584,33.54076
Substation 225 KV de Douyet,225,-5.12811,34.0150179
Substation 60 KV de Douyet,60,-5.12811,34.01502
Zaer 1 Temara,60,-6.77704,33.93484
Substation 225/60/22 KV Oujda,225,-1.91965,34.70668
Substation de Bourdim 225kv,225,-2.37345,34.584231
Substation de Bourdim 60kv,60,-2.37164,34.585626
Substation de Bourdim 400kv,400,-2.37164,34.586857
Substation 60 KV Taza II,60,-3.95919,34.269513
Substation 225 KV Taza II,225,-3.95919,34.26951
Substation 60 kV de Settat,60,-7.56486,33.0246
Substation 225 kV de Settat,225,-7.56486,33.024603
Substation Tiznit II 60,60,-9.66677,29.70346
Substation Tiznit II 225,225,-9.66502,29.704727
Substation 60 KvTafersit,60,-3.53627,34.993263
Substation 225 kV El Ouali,225,-4.77894,33.986055
Substation 60 kV El Ouali,60,-4.77894,33.98606
Moulay Idriss Zerhoun 1 Fes 60KV,60,-5.64929,34.07206
Substation Saiss,60,-4.9482,33.97541
Substation 60 kv Chefchaoun,60,-5.31692,35.21599
Substation 225 kv Chefchaoun,225,-5.31785,35.215239
Substation Taferssit 60,60,-3.53539,34.99234
Douyet Fes 1,60,-5.2791,34.05315
Substation 60/22 kV Taza I,60,-4.01338,34.23531
Substation 60 kV Imzouren,60,-3.86866,35.124812
Substation 225 kV Imzouren,225,-3.86818,35.125262
Sous Station Holcim,60,-2.34915,34.59475
Substation Matmata 60kv,60,-4.54062,34.09461
Substation 225 kV Loukkos,225,-6.04737,35.04135
Substation 60 kV Loukkos,60,-6.04671,35.039169
Substation 400 kV de Oualili,400,-5.59582,34.09936
Substation 225kV de Oualili,225,-5.5963,34.096144
Saiss Fes,60,-5.00812,33.98851
Dghaliyéne Assilah,60,-6.02157,35.48561
Substation 60 KV Agadir,60,-9.456,30.39944
Substation 225 KV Agadir,225,-9.45343,30.399043
Substation 60 kV Tiflet,60,-6.3733,33.91101
Tin Hmid AGADIR,225,-9.15332,30.22355
Substation 225 kV Tazart,225,-7.34452,31.695947
Substation 60 kV Tazart,60,-7.34462,31.69755
Substation 225 KV GLALCHAL,225,-8.96347,30.45223
Substation 60 KV GLALCHAL,60,-8.96166,30.453601
Substation 60 kV d’Ait Melloul,60,-9.48893,30.35505
Substation 225 kV d’Ait Melloul,225,-9.48654,30.355074
Boutabi Tafraout 1 TIZNIT,60,-9.04429,29.66425
Substation 60 Kv Azrou,60,-5.23856,33.460237
AL Aroui,225,-2.97525,35.03097
Ain Harrouda,225,-7.42874,33.6353
Substation 60 KV Fki Ben Salah,60,-6.7204,32.4834
Substation 225 KV Fki Ben Salah,225,-6.72068,32.481667
Substation 60kv Tizgui,60,-6.58423,32.223032
Substation 150 kv Tizgui,150,-6.58245,32.22297
Substation 225 kv Tizgui,225,-6.58372,32.22166
Substation 60 kV M'rirt,60,-5.59217,33.169922
Substation 60kv de Benguerir,60,-7.95381,32.20637
Substation 225 kv de Benguerir,225,-7.95561,32.206935
Substation 400kV Chemaia,400,-8.76909,32.04166
Substation 225kV Chemaia,225,-8.76571,32.04083
Substation 60 kV d'Aknoul,60,-3.87125,34.67521
Hay Gtar Oujda,60,-1.98113,34.64643
Bni Tadjite Errachidia 60KV,60,-3.45742,32.30969
Substation 60 Kv de Bouanane,60,-3.02073,32.038242
Substation 60 Kv de Boudnib,60,-3.57401,31.95337
ER- Rich 60,60,-4.48407,32.272102
Substation 225 kV d’Errachidia,225,-4.48739,31.97114
Substation 60 kV d’Errachidia,60,-4.48885,31.970353
Substation 60 kV Zagora,60,-5.84561,30.37766
Missour,60,-4.05279,33.04164
poste usine réversible 2,225,-6.52983,32.20699
Substation Usine réversible I,225,-6.53419,32.19684
Substation haute tension/ Bni Ansar,60,-2.94528,35.26119
IzougerdTaourirt 60KV,60,-9.38571,29.301003
Substation near Oed Zem,60,-6.62639,32.66189
M Fassis 60 Khouribga,60,-6.74671,32.817434
M Fassis 225 Khouribga,225,-6.74625,32.81646
Substation 60 kV Ouarzazate,60,-6.79729,30.983024
Substation 225 kV Ouarzazate,225,-6.79753,30.98447
Substation 60 Kv de Bouarfa,60,-1.94118,32.557356
Issaguen North,60,-4.54996,34.91874
Substation Regraga,60,-6.00337,35.05888
Substation ONCF Rissania,60,-5.94513,35.22034
Substation 60 Kv de Ain Chair,60,-2.52264,32.21684
Substation Taounate,60,-4.71122,34.49058
Substation 225 KV de Khenifra,225,-5.67069,32.921992
Substation 60 KV de Khenifra,60,-5.67254,32.92179
Substation 225kv de Tensift 1,225,-7.97769,31.72144
Substation 60kv de Tensift 1,60,-7.97759,31.72154
Substation 60kV Bir Jdid,60,-7.93297,33.38106
Substation Cimat Beni Mellal,225,-6.13593,32.57088
Substation 60/22 kV Berrechid 2,60,-7.59606,33.27008
Substation 60 KV d'Erfoud,60,-4.26793,31.42283
Substation 60/22 KV O.N.C.F. Mechra Bel Ksir,60,-5.96299,34.58006
Substation 60/22 Dar Geuddari,60,-6.10726,34.42635
Substation Beni Malek 60/22 Ksar kbir,60,-6.08223,34.77608
Substation 60kV Sidi Slimane,60,-5.94882,34.22908
Substation 60kV M'Saada,60,-5.75305,34.35792
Substation 60kV Kalaat M'Gouna,60,-6.12434,31.24845
Substation 1 60kV khouribga,60,-6.86672,32.8935
Substation Loulad 60kV khouribga,60,-7.14538,32.99256
Substation 60 KV Oued Zem,60,-6.57106,32.87801
Substation 60 KV Lamjaara,60,-5.21152,34.5871
Substation 60 kv Souk Arba Du Gharb,60,-5.99117,34.66378
Substation 60 kV Igherm,60,-8.38733,30.07201
Substation 60 kV Renault,60,-5.68165,35.69354
Substation 60 kV O.N.C.F. Bir Jdid,60,-7.97681,33.3649
Substation S. Yahya 60,60,-6.29556,34.30692
Substation Ouaklim 60 kV Tinghir,60,-5.70367,31.41443
Substation Imiter 60 kV Tinghir,60,-5.72923,31.35608
Substation hydraulic Power plant Moulay Youssef 2,225,-7.25997,31.64808
Substation 60/22 kV Cior Fes,60,-5.11777,33.94679
Substation Sebt Guerdane 60/22 kV Taroudant,60,-9.00792,30.37041
Substation Sebt Guerdane 225 kV Taroudant,225,-9.0083881,30.3702508
Substation 60/22 kV Settat,60,-7.62618,32.96469
Substation Hayyane 60/22 kV Khouribga,60,-6.79958,32.87041
Substation O.N.C.F. Laassilate,60,-7.78921,33.36455
Substation 225 KV Oujda,225,-1.91647,34.70607
Substation 60 KV de Maamora,60,-6.68335,34.09492
Substation 60 kV Ain Karma,60,-5.62668,34.01252
Substation 60/22 kV Sidi El Aidi,60,-7.62695,33.12602
Substation Al mansour 60/22 kV Meknes,60,-5.5751,33.87541
Substation Source Tanjah El Balia,60,-5.77753,35.76645
Substation 60/22 kV Moulay Bousselham,60,-6.21235,34.84441
Substation Hassan 1,225,-6.89363,31.80201
Substation Foum Tizi 150,150,-6.44172,32.50546
Substation Foum Tizi 60,60,-6.44162,32.50556
Substation 225 kV Fouarat,225,-6.5153,34.28216
Substation 60 kV Fouarat,60,-6.5152,34.28226
Substation Ain tairet 60/22 kV Oujda,60,-1.86966,34.656
Substation Sidi youssef 60 kV Sefrou,60,-4.79661,33.82079
Substation 60 kV Boumalene,60,-4.75437,33.36935
Substation 60 Kv de l’Agdal-Rabat,60,-6.852,33.99705
Substation 60/22 kV ONCF Lagfaf,60,-6.72154,32.91992
Substation O.C.P.,60,-8.60493,33.11733
Substation 60/22 kV Tata,60,-7.98051,29.78308
Substation 2 60/22 kV Berrechid,60,-7.59932,33.2415
Substation Badrawen Boukhalef,225,-5.86159,35.71561
Substation 60 KV Mrizigue,60,-7.10112,32.84565
Substation 60 KV Ben Ahmed,60,-7.23686,33.01767
Substation 60 kv Majjat,60,-8.54553,31.40582
Substation 60 kV de Taghramt,60,-5.45842,35.80919
Substation Ouzanne 60kv,60,-5.55998,34.81181
Substation source 60kV de Zemamra,60,-8.66937,32.61562
Substation 60 kV Ain Béni Mathar,60,-2.0946,34.00783
Substation Bni Smir 60/22 kV Oued Zem,60,-6.62913,32.89324
Substation 225 kV Oulad Fares,225,-6.93925,32.75335
Substation 60 kV Oulad Fares,60,-6.93915,32.75345
Substation 60 kV Oujda,60,-1.91738,34.70435
Substation 225kv de Sidi Bouguedra,225,-8.97609,32.26761
Substation 60kv de Sidi Bouguedra,60,-8.97599,32.26771
Substation 60 kV Ksar Kebir,60,-5.93958,35.01135
Substation 60 Kv de Tiznit,60,-9.71562,29.69256
Substation 60 Imfout,60,-7.92912,32.72736
Substation 225 kV Agdz,225,-6.45037,30.68676
Substation 60 kV Agdz,60,-6.45027,30.68686
Substation 60 KV à Errhamna,60,-7.90862,32.47369
Substation 60 KV de Goulmima,60,-4.9629,31.67679
Substation 225 kV Kelaa des Sraghnas,225,-7.3946,32.02941
Substation 60 kV Kelaa des Sraghnas,60,-7.3945,32.02951
Substation 60 KV de Ifrane,60,-5.13233,33.53109
Substation 60kV Talborjt,60,-9.59463,30.43984
Substation 60 Kv de Bouskoura,60,-7.65004,33.45789
Substation 60 Kv Taliouine,60,-7.95209,30.55442
Substation 60/22 Kv Skhirat,60,-6.99898,33.86066
Substation Source 225 kV. Ennakhil,225,-7.92256,31.63935
Substation 225 kV de Berkane,225,-2.44591,34.87224
Substation 60 kV de Berkane,60,-2.44581,34.87234
Substation 60kv d'Asni,60,-7.9923,31.24505
Substation 60 kv Technopole Oujda,60,-1.92908,34.77046
Substation 60 kv Guercif,60,-3.30396,34.2384
Substation 60 kV ONCF Melloussa,60,-5.66063,35.72021
Substation 400 kV Agadir II,400,-9.31762,30.41445
Substation 225 kV Agadir II,225,-9.31752,30.41455
Substation BOUZAKARNE 60 KV,60,-9.75032,29.15148
Substation 60 kV Tabriquet,60,-6.7954,34.04161
Substation 60 kV Sidi Kacem,60,-5.72283,34.23591
Substation 400 kV Tantan II,400,-10.9757,28.48537
Substation Daimouss 225 kV Tangier,225,-5.80025,35.69382
Substation 60 Kv Oulmes,60,-6.04883,33.41738
Substation 60 Kv Khemisset,60,-6.02143,33.82725
Substation 60 kV Berkane,60,-2.31452,34.92838
Substation 225 kV Tinghir,225,-5.60991,31.45677
Substation 60 kV Tinghir,60,-5.60981,31.45687
Substation 60 kv de Saada,60,-8.16068,31.70795
Substation Fes Ouest 60Kv,60,-5.05672,34.03013
Substation 60 Kv Atlantic Free Zone,60,-6.37781,34.29757
Substation 60 kV Mechraa Hammadi,60,-2.80024,34.73551
Substation 60 kV Moulouya,60,-2.68705,34.82808
Substation 60 Kv Igli,60,-8.55115,30.57948
Substation blindé 400 kV Béni Harchane,400,-5.7531,35.51218
Substation blindé 225 kV Béni Harchane,225,-5.753,35.51228
Substation Victoria 225 kV Bouskoura,225,-7.64531,33.43382
Substation 60 kV Sidi Bou Othmane,60,-7.93903,31.94016
Substation Sidi sliman 60 kV Meknes,60,-5.48313,33.84722
Near Atlantique Free zone,60,-6.36608,34.31249
Electricity Transfer Center,60,-5.54926,33.90563
Substation Holcim S. Haijaj,60,-7.30672,32.93995
chefchaoune,60,-5.02188,35.05495
Tademmante Tiznit,60,-9.49425,29.84789
Si Abass safi,60,-9.25036,32.23851
Substation 60KV SIDI IFNI,60,-10.18,29.35945
Substation source 60 kV Boussafou,60,-5.34868,35.5973
Substation source Smir 60,60,-5.40362,35.75551
Substation source Smir 225,225,-5.40352,35.75561
Near Taghramt,60,-5.45869,35.80931
Substation 60 kV d'Essaouira,60,-9.71771,31.49277
Substation Atlas 225/60 kV Fes,225,-4.97194,34.039
Sais Fes 2,60,-5.00626,33.98811
Sais Fes 1,60,-4.98722,33.98688
near Jerrada 60,60,-2.2364,34.31243
Substation 6 KV Ghallil,60,-5.34464,31.4576
Ighrem Oujdid Tinghir,60,-5.5381,31.50289
Tazzarine Tinghir 1 60,60,-5.30814,30.89064
Oulad Azouz Khouribga 1,60,-6.69695,32.69653
Ouled Fares 1,60,-6.74126,32.74855
Substation source 60 KV de Taghazout,60,-9.67826,30.5455
Substation 60 KV,60,-9.46758,28.62736
Substation 225 kV d'Essaouira,225,-11.3379,28.46886
Substation Ouled Mohamed 60 kv,60,-9.02667,30.3348
Substation Ouled Mohamed 225 kv,225,-9.02657,30.3349
Berrechid,60,-7.59303,33.25335
Boumia 60,60,-5.08255,32.77273
Substation 60 kV d’Azilal,60,-6.57867,31.96414
Substation Dar Ouled Zidouh 225,225,-6.89705,32.33326
EL Borouj Fkih Ben Salah225,225,-7.2179,32.39484
Substation O.N.C.F. S.Yahya,60,-6.3006,34.31233
Jorf Lasfar 1,60,-8.61787,33.12109
Substation 60 kV Smimou,60,-9.69219,31.2032
Substation source 60kV Ounagha,60,-9.54634,31.53406
ONCF khmisset Chaoui,60,-7.72403,32.82564
Substation 60 kV Maaziz,60,-6.36183,33.66382
Substation Ait Ourda,60,-6.50219,32.11046
Substation O.N.C.F. Sidi Bou Othman 60,60,-7.94587,31.92477
Substation O.N.C.F. Benguerir 60,60,-7.95852,32.24479
Youssoufia 3,60,-8.5315,32.26139
Echemmaia,60,-8.6072,32.11056
Youssoufia 2 60,60,-8.52369,32.25296
Youssoufia 1,60,-8.5338,32.24963
Near ben guerir,60,-8.27328,32.24369
Ouislane Meknes,60,-5.49661,33.90922
M Haya Ain Taoujdate 60,60,-5.26881,33.95936
Substation 60 kV Fkih Ben Saleh,60,-6.67259,32.51863
Ouled Bourehmoune,60,-6.67928,32.29611
Substation 60 Kv de skoura,60,-6.54896,31.06081
Substation Ksabi 60,60,-4.40019,32.82345
Substation O.N.C.F. Azemmour,60,-8.36423,33.26804
Substation Parc Exposition,60,-8.38617,33.26857
Substation O.N.C.F. Chtouka,60,-8.16143,33.33058
Had soualem 1,60,-7.83844,33.42312
Substation Cimar,60,-8.50109,31.5836
Chichaoua1,60,-9.05011,31.48399
Ennakhil Marakech 1,60,-7.90808,31.59641
Oulad Azouz Khouribga,60,-6.76714,32.66228
Substation ONCF Ras El Ain,60,-7.39326,32.97857
Substation 60 Kv Bejaad,60,-6.37431,32.77279
Substation Tighza 60,60,-5.62973,33.18175
Substation 60 KV Oued Amlil,60,-4.23771,34.19448
Substation ONCF M'Saada,60,-5.79857,34.34232
Zidania Oualidia,60,-9.10408,32.55506
Oualidia 60,60,-9.00921,32.71516
AD-Dalia Fnideq,60,-5.48265,35.87812
Substation 60 KV TARFAYA,60,-12.9007,27.90485
Douar Zemrane Marakkech,60,-7.93082,31.58859
Guelmim,60,-10.0214,28.95228
Mediouna 1,225,-7.4642,33.50197
Anza Agadir,60,-9.65454,30.45315
Substation 225 Agdaz,225,-6.4893,30.71022
Substation 60 Agdaz,60,-6.4892,30.71032
Substation Ouled Mansour Salouane,60,-2.87373,35.04266
Substation 225kV de Melloussa,225,-5.65927,35.64747
"Substation Noor 1,2,3,4 Ouarzzat",225,-6.84577,31.04074
Substation 1 OCP CII Khribga,60,-6.73739,32.67245
Substation 2 Noor 4,60,-6.84088,31.02928
Zawiya Al Kadiriya al boutchichia Saidia 1 60,60,-2.28502,35.0417
Touissit,60,-1.76649,34.4785
Taourirt,60,-2.89948,34.41984
Oulad Azouz Casa,60,-7.72585,33.49223
Substation Oulad Haddou,225,-7.61756,33.5417
Taznakht Ouarzazat,60,-6.92551,30.52515
Nfifa Shishawa,60,-8.90069,31.25301
Sidi Mohammed Ben Rahal,60,-7.7746,32.74912
Guenfouda 60,60,-2.04714,34.49549
Kenitra Power Plant,225,-6.56144,34.28749
RADEEMA Marakech,60,-8.00397,31.68305
Belieda Zagora 60,60,-6.45827,30.36187
Mechouar Fes Jdid 1,60,-5.00264,34.04928
poste 60 Kv de skoura,60,-6.54859,31.06006
Nkhakhsa kenitra,225,-6.50161,34.30249
Parc Halieutique Agadir,60,-9.40599,30.41469
Kasbah Taroudant 60,60,-8.85885,30.48086
Tameslouht Marrakech,60,-8.09301,31.54411
Tameslouht Marrakech 2,60,-8.06229,31.57644
Lalla Takarkoust 60,60,-8.13758,31.35616
Near Jorf Lasfar 225 KV,225,-8.59296,33.09864
Near Jorf Lasfar 60 KV,60,-8.59286,33.09874
Guéliz,60,-8.01876,31.62801
Machraa Ben Abou,60,-7.7965,32.65338
Ighadarène,60,-3.98869,35.16442
Tabounte Ouarzazate,60,-6.94522,30.88378
Near Saada,60,-8.13674,31.71112
Assaknia Kenitra,60,-6.57087,34.2448
Near Tiznit 60,60,-8.7202,29.48648
Lalla Takarkoust 2,60,-8.05933,31.36655
Farsoua North,60,-5.56647,35.81668
Oulade Azouz,60,-6.77498,32.6646
Oulade Azouz 2,60,-6.7997,32.72039
Near Ouled Fares,60,-6.81601,32.73595
Oulade Azouz 3,60,-6.76737,32.67781
Oulade Azouz 3 2,60,-6.71652,32.69589
Substation Inchaden 1 60 kV Agadir,60,-9.49867,30.08039
Zaoï,60,-2.82043,34.94365
Sidi Kacem,60,-5.71918,34.22621
Sidi Allal Tazi,60,-6.3804,34.524
Near Oualili 60,60,-5.62696,34.1074
Near Errachidia 60,60,-4.06879,31.94903
Oulad Khalouf,60,-7.06122,31.79531
Kettara,60,-8.17561,31.86946
Substation Mestegmer 60 kV El Aioun S M,60,-2.73105,34.57667
Substation 60 Zaggota 2,60,-5.5404,34.14786
Substation 60kV Zaggota 1,60,-5.54061,34.14893
STEP d'Afourer 225,225,-6.53266,32.20728
Centrale hydroélectrique Al Wahda 60,60,-5.2001612,34.5950711
Centrale hydroélectrique Al Wahda 225,225,-5.20109,34.597733
Centrale hydroélectrique Allal Al Fassi 225,225,-4.621,34.095563
Barrage Bin el Ouidane 150,150,-6.46403,32.106816
Hydro Plant Al Massira 225,225,-7.63768,32.476463
Hydro Plant Afourer 150,150,-6.53283,32.207873
Hydro Plant Ahmed El Hansali 225,225,-5.88857,32.69165
Hydro Plant Idriss Ier 60,60,-4.75105,34.161566
Oued El Makhazine,60,-5.84029,34.94171
Hydro Plant Imfout 60,60,-7.92874,32.726282
Barrage Moulay Youssef 60,60,-7.26171,31.647623
Barrage Moulay Youssef 225,225,-7.26157,31.646077
Hydro Plant Mohamed V 60,60,-2.93823,34.663784
Hydro Plant El Borj 60,60,-5.6075,33.027411
Hydro Plant Sidi Saïd Maâchou 60,60,-8.10639,33.1422
Hydro Plant Tanafnit 60,60,-5.49255,33.080175
Hydro Plant Daourat 60,60,-8.06667,32.936944
Hydro Plant Talambot 60,60,-5.23484,35.279215
Hydro Plant El Kansara 60,60,-5.91712,34.042065
Hydro Plant El Mansour Ed Dahbi 60,60,-6.75855,30.91029
Thermal plant Jorf Lasfar 225,225,-8.63954,33.104642
Thermal plant Jorf Lasfar 400,400,-8.62568,33.117047
Thermal plant Jorf Lasfar 60,60,-8.63142,33.111493
Thermal plant Safi 400,400,-9.2805,32.148139
Thermal plant Mohammédia 225,225,-7.43381,33.682
Thermal plant Jerada 60,60,-2.19562,34.310316
Thermal plant Jerada 225,225,-2.18443,34.312745
Thermal plant Jerada 400,400,-2.19081,34.309611
Thermal plant Kénitra 225,225,-6.56181,34.286
Thermal plant Tit Mellil 60,60,-7.49925,33.541124
Thermal plant Tit Mellil 225,225,-7.5023,33.541526
Thermal plant Tétouan 60,60,-5.46259,35.57141
Thermal plant Tétouan 225,225,-5.46331,35.569889
Thermal plant Casablanca 225,225,-7.57081,33.606694
Thermal plant Tan-Tan 60,60,-11.3383,28.468461
Thermal plant Tan-Tan 225,225,-11.339,28.469
Wind farm Tarfaya 60,60,-12.9024,27.811903
Wind farm Tarfaya 225,225,-12.8904,27.7905
Wind farm Akhefnir 225,225,-12.0033,27.9567
Wind farm Midelt 225,225,-4.592,32.774
Wind farm Tanger I 60,60,-5.6065,35.649
Wind farm Khalladi 225,225,-5.5824,35.7677
Wind farm Essaouira 225,225,-9.79962,31.406912
Wind farm Abdelkhalek Torrès 60,60,-5.44321,35.84148
Wind farm Haouma 60,60,-5.5055,35.844
Wind farm Oulidia 60,60,-8.95145,32.73994
Wind farm Lafarge Tetouan 60,60,-5.44823,35.6188
Solar farm Noor 3 CSP 225,225,-6.86337,31.06823
Solar farm Noor 2 CSP 225,225,-6.87607,31.03875
Solar farm Noor 1 225,225,-6.86165,31.00999
Solar farm Noor 4 CSP 225,225,-6.83148,31.02183
Plant solaire Noor Missour 60,60,-4.02884,32.80563
Plant solaire Noor Zagora 60,60,-5.82319,30.265268
Noor Erfoud 60,60,-4.27805,31.513656
Plant solaire Assa 60,60,-9.46814,28.626176
Aïn Beni Mathar integrated combined cycle thermo-solar plant 60,60,-2.09647,34.070874
Aïn Beni Mathar integrated combined cycle thermo-solar plant 225,225,-2.1051,34.06854
Thermal plant Tahaddart 60,60,-5.98762,35.588454
Thermal plant Tahaddart 225,225,-5.98727,35.589417
Thermal plant Tahaddart 400,400,-5.98601,35.587965
Wind farm Aftissat,225,-14.5665,25.722309
centrale ciesel de laâyoun,60,-13.2328,27.156037
Gaz turbine Laâyoun,60,-13.4201,27.06928
Solar farm Noor laâyoune,225,-12.9527,26.993823
poste 225 KV de Mibladen,225,-4.64431,32.76143
poste 60 KV de Mibladen,60,-4.64264,32.761059
Substation 400 kV Ferdioua,400,-5.61317,35.83124
Centrale électrique de Terga,400,-1.22657,35.461639
Parc solaire PV NOOR Boujdour,60,-14.3609,26.163265
Ait Melloul 60,60,-9.48899,30.345694
Poste 400 kV Laayoune II,400,-12.98940269,27.21381043
Poste 225 kV Laayoune II,225,-12.9909497,27.2137503
Poste 225 kv Dakhla,225,-15.6528361,23.9344059
Poste 60 kv Dakhla,60,-15.6553158,23.9350563
poste 400 Ait seghrouchen oulad ayyad,400,-4.5895536,34.0178207
poste 225 Ait seghrouchen oulad ayyad,225,-4.5899988,34.017548
Ouijjane 400 JB,400,-9.5808485,29.6317039
Poste Layoune 1 60 Kv,60,-13.1708016,27.1828328
Poste Layoune 1 225 KV,225,-13.1688942,27.1821819
Node 225/400,400,-13.8192303,26.4095507
Node Mediouna 225,225,-7.5221092,33.4890864
Node 60 Kv Smara,60,-11.707994,26.7288689
poste 60/22 Kv de Figuig,60,-1.247601461,32.13684026
Poste 225 kV Selouane,225,-2.9489144,35.0741327
Poste 60 kV Selouane,60,-2.9449498,35.072493
Oued El Makhazine Node 400,400,-5.8578231,34.9363767
El Hassi 400 exterieure,400,-0.4713528,35.7198253
Sidi Saïd Maâchou Node 225,225,-7.8862363,33.1079299
poste 60/22 Kv de Tendrara,60,-2.011144059,33.03899868
Algeria EXT,400,-1.9717373,34.8773291
Poste Source Foum El Oued,60,-13.3377155,27.1607757
poste 400 KV BOUJDOUR,400,-14.283402,26.2164886
poste 225 KV BOUJDOUR,225,-14.2866717,26.2171444
poste 60/22 kv Bni Hdifa,60,-4.121947225,35.02624016
Substation near Foum El Oued 225,225,-13.4215347,27.0571239
Argana node 225,225,-9.1391796,30.7886797
Tiznit taghazout Node 60,60,-9.9214766,29.5988344
Poste 400 Kv Sidi Ali Boussidi EXT,400,-0.9006773,35.0910971
Node between tensift and chichaoua 225,225,-8.5115389,31.6568745
Dar Gueddari node 60,60,-6.1079176,34.4261732
Poste O.N.C.F. El Jadida,60,-8.5059331,33.2178829
Poste 60kV de Melloussa,60,-5.6595145,35.6485956
Node between tensift and chemaaia 225,225,-8.5383743,31.8578678
Node Dakhla 60,60,-15.8628452,23.8487037
Oumnas 225,225,-8.0679365,31.4411822
Near sidi bouknadel 60,60,-6.5718459,34.104582
Dar Lakhlit ouarzazat 60,60,-7.1798762,30.5745409
Oulad bourahma 60,60,-6.4502294,34.304972
Lkhaloua 60,60,-5.9510917,35.5426864
Near Oulad Azouz 60,60,-6.7289194,32.821211
Node in the North 225,225,-5.7710214,35.7140285
Node between laayoune 2 and Laayoun 1,225,-13.0365406,27.1996226
Node AZZINATE 225,225,-5.7462032,35.6466043
Node near Taourirt,60,-2.6636507,34.4767785
Tamnar Node in th south,60,-9.6686076,30.9998147
Safi Node 60,60,-9.2089932,32.2948141
Ouled sbah 60,60,-8.1721422,31.611625
Bni Said Node 60,60,-5.1213192,35.4275746
Node sis hajjaj Oued Hassar 225,225,-7.4445015,33.5381274
An eastern Node 60,60,-2.1209889,34.9435181
Node Lakhlout Ain Al Karma Node 225,225,-5.5628374,33.9721519
Node Near Mdiq 60,60,-5.3506205,35.7035107
Sidi youssef Node 60,60,-9.58151,30.4103419
Node North 225 Kv,225,-5.6327364,35.5733133
poste Harrarine 225,225,-5.8620034,35.7148633
Algeria 2 EXT,225,-1.7753539,34.7626113
Algeria 1 EXT,225,-1.8363817,34.7869068
Node Shoul 225,225,-6.7606014,33.9244528
Node Noor Missour 60,60,-4.1375922,32.8577841
Hydro plant Ait Messoud,60,-6.1861398,32.6219637
Node near Karma 60,60,-5.7206311,33.9748453
Node 60 North,60,-5.728908,35.6903764
Node in Fes 60,60,-5.0679605,34.0394213
Node near mediouna,225,-7.46285,33.5024259
